{
  "project_info": {
    "project_number": "573779573109",
    "project_id": "currencydashboard-a280e",
    "storage_bucket": "currencydashboard-a280e.firebasestorage.app"
  },
  "client": [
    {
      "client_info": {
        "mobilesdk_app_id": "1:573779573109:android:299cf486d419015d767b3c",
        "android_client_info": {
          "package_name": "com.example.currency_dashboard"
        }
      },
      "oauth_client": [],
      "api_key": [
        {
          "current_key": "AIzaSyBezSbemKn59n9kbqP18Ih9zWToRamKymc"
        }
      ],
      "services": {
        "appinvite_service": {
          "other_platform_oauth_client": []
        }
      }
    }
  ],
  "configuration_version": "1"
}